Season,Round,Season_Round,Grand_Prix,Driver,Team,Status,Completed_Laps,Max_Laps,Race_Position,Pole_Race_Time,Total_Race_Time,Normalised_Race_Pole_Gap
2025,1,2025-01,Australian Grand Prix,NOR,McLaren,Finished,57,57,1,5295.55526,5481.699999,0.03515112766475026
2025,1,2025-01,Australian Grand Prix,VER,Red Bull Racing,Finished,57,57,2,5295.55526,5477.080999,0.03427888674321933
2025,1,2025-01,Australian Grand Prix,RUS,Mercedes,Finished,57,57,3,5295.55526,5495.375999,0.03773367082189605
2025,1,2025-01,Australian Grand Prix,ANT,Mercedes,Finished,57,57,4,5295.55526,5647.285999,0.06641999218793915
2025,1,2025-01,Australian Grand Prix,ALB,Williams,Finished,57,57,5,5295.55526,5652.308999,0.06736852350399225
2025,1,2025-01,Australian Grand Prix,STR,Aston Martin,Finished,57,57,6,5295.55526,5655.426999,0.0679573191726075
2025,1,2025-01,Australian Grand Prix,HUL,Kick Sauber,Finished,57,57,7,5295.55526,5655.968999,0.06805966915733763
2025,1,2025-01,Australian Grand Prix,LEC,Ferrari,Finished,57,57,8,5295.55526,5508.476999,0.040207632353174594
2025,1,2025-01,Australian Grand Prix,PIA,McLaren,Finished,57,57,9,5295.55526,5308.391999,0.002424059115568644
2025,1,2025-01,Australian Grand Prix,HAM,Ferrari,Finished,57,57,10,5295.55526,5510.260999,0.04054451864977793
2025,1,2025-01,Australian Grand Prix,GAS,Alpine,Finished,57,57,11,5295.55526,5664.014999,0.06957905656903662
2025,1,2025-01,Australian Grand Prix,TSU,Racing Bulls,Finished,57,57,12,5295.55526,5516.541999,0.04173060767946746
2025,1,2025-01,Australian Grand Prix,OCO,Haas F1 Team,Finished,57,57,13,5295.55526,5503.980999,0.039358618457698835
2025,1,2025-01,Australian Grand Prix,BEA,Haas F1 Team,Finished,57,57,14,5295.55526,5505.113999,0.03957257147005966
2025,1,2025-01,Australian Grand Prix,LAW,Red Bull Racing,Retired,46,57,15,5295.55526,5295.55526,0.0
2025,1,2025-01,Australian Grand Prix,BOR,Kick Sauber,Retired,45,57,16,5295.55526,5331.249266,0.006740370791636252
2025,1,2025-01,Australian Grand Prix,ALO,Aston Martin,Retired,32,57,17,5295.55526,,
2025,2,2025-02,Chinese Grand Prix,PIA,McLaren,Finished,56,56,1,5455.025999,5455.025999,0.0
2025,2,2025-02,Chinese Grand Prix,NOR,McLaren,Finished,56,56,2,5455.025999,5464.774,0.0017869760844011484
2025,2,2025-02,Chinese Grand Prix,RUS,Mercedes,Finished,56,56,3,5455.025999,5466.122999,0.0020342707811171756
2025,2,2025-02,Chinese Grand Prix,VER,Red Bull Racing,Finished,56,56,4,5455.025999,5471.681999,0.0030533310020985915
2025,2,2025-02,Chinese Grand Prix,OCO,Haas F1 Team,Finished,56,56,5,5455.025999,5504.994999,0.009160176323478542
2025,2,2025-02,Chinese Grand Prix,ANT,Mercedes,Finished,56,56,6,5455.025999,5508.773999,0.009852931958500788
2025,2,2025-02,Chinese Grand Prix,ALB,Williams,Finished,56,56,7,5455.025999,5511.346999,0.010324607070676617
2025,2,2025-02,Chinese Grand Prix,BEA,Haas F1 Team,Finished,56,56,8,5455.025999,5516.329,0.011237893460313009
2025,2,2025-02,Chinese Grand Prix,STR,Aston Martin,Finished,56,56,9,5455.025999,5525.229999,0.012869599523974706
2025,2,2025-02,Chinese Grand Prix,SAI,Williams,Finished,56,56,10,5455.025999,5531.412999,0.014003049667224765
2025,2,2025-02,Chinese Grand Prix,HAD,Racing Bulls,Finished,56,56,11,5455.025999,5533.900999,0.014459142818835202
2025,2,2025-02,Chinese Grand Prix,LAW,Red Bull Racing,Finished,56,56,12,5455.025999,5536.172999,0.014875639458890921
2025,2,2025-02,Chinese Grand Prix,DOO,Alpine,Finished,56,56,13,5455.025999,5533.426999,0.014372250474034676
2025,2,2025-02,Chinese Grand Prix,BOR,Kick Sauber,Lapped,55,56,14,5455.025999,5565.159854,0.020189428065088943
2025,2,2025-02,Chinese Grand Prix,HUL,Kick Sauber,Lapped,55,56,15,5455.025999,5574.802036,0.02195700570848924
2025,2,2025-02,Chinese Grand Prix,TSU,Racing Bulls,Lapped,55,56,16,5455.025999,5578.146763,0.022570151640444847
2025,2,2025-02,Chinese Grand Prix,ALO,Aston Martin,Retired,4,56,17,5455.025999,,
2025,2,2025-02,Chinese Grand Prix,LEC,Ferrari,Disqualified,56,56,18,5455.025999,5478.236999,0.004254975137470307
2025,2,2025-02,Chinese Grand Prix,HAM,Ferrari,Disqualified,56,56,19,5455.025999,5480.406999,0.0046527734248476005
2025,2,2025-02,Chinese Grand Prix,GAS,Alpine,Disqualified,56,56,20,5455.025999,5522.220999,0.012317998119957263
2025,3,2025-03,Japanese Grand Prix,VER,Red Bull Racing,Finished,53,53,1,4926.982999,4926.982999,0.0
2025,3,2025-03,Japanese Grand Prix,NOR,McLaren,Finished,53,53,2,4926.982999,4928.405999,0.00028881772076116974
2025,3,2025-03,Japanese Grand Prix,PIA,McLaren,Finished,53,53,3,4926.982999,4929.111999,0.0004321102793396481
2025,3,2025-03,Japanese Grand Prix,LEC,Ferrari,Finished,53,53,4,4926.982999,4943.079999,0.003267110928385053
2025,3,2025-03,Japanese Grand Prix,RUS,Mercedes,Finished,53,53,5,4926.982999,4944.344999,0.003523860342835361
2025,3,2025-03,Japanese Grand Prix,ANT,Mercedes,Finished,53,53,6,4926.982999,4945.653999,0.003789540171701411
2025,3,2025-03,Japanese Grand Prix,HAM,Ferrari,Finished,53,53,7,4926.982999,4956.164999,0.0059228943972249315
2025,3,2025-03,Japanese Grand Prix,HAD,Racing Bulls,Finished,53,53,8,4926.982999,4964.116999,0.007536863838892183
2025,3,2025-03,Japanese Grand Prix,ALB,Williams,Finished,53,53,9,4926.982999,4967.349999,0.008193046334479481
2025,3,2025-03,Japanese Grand Prix,BEA,Haas F1 Team,Finished,53,53,10,4926.982999,4981.511999,0.011067421992539517
2025,3,2025-03,Japanese Grand Prix,ALO,Aston Martin,Finished,53,53,11,4926.982999,4984.315999,0.011636532947574052
2025,3,2025-03,Japanese Grand Prix,TSU,Red Bull Racing,Finished,53,53,12,4926.982999,4985.383999,0.011853298461117712
2025,3,2025-03,Japanese Grand Prix,GAS,Alpine,Finished,53,53,13,4926.982999,4989.104999,0.012608527371133382
2025,3,2025-03,Japanese Grand Prix,SAI,Williams,Finished,53,53,14,4926.982999,5001.111999,0.015045515686789468
2025,3,2025-03,Japanese Grand Prix,DOO,Alpine,Finished,53,53,15,4926.982999,5008.296999,0.016503811768074694
2025,3,2025-03,Japanese Grand Prix,HUL,Kick Sauber,Finished,53,53,16,4926.982999,5008.939999,0.01663431759692191
2025,3,2025-03,Japanese Grand Prix,LAW,Racing Bulls,Finished,53,53,17,4926.982999,5009.716999,0.016792020596943846
2025,3,2025-03,Japanese Grand Prix,OCO,Haas F1 Team,Finished,53,53,18,4926.982999,5010.420999,0.016934907227594387
2025,3,2025-03,Japanese Grand Prix,BOR,Kick Sauber,Finished,53,53,19,4926.982999,5010.879999,0.017028067687066883
2025,3,2025-03,Japanese Grand Prix,STR,Aston Martin,Lapped,52,53,20,4926.982999,5034.910307,0.0219053542547043
2025,4,2025-04,Bahrain Grand Prix,PIA,McLaren,Finished,57,57,1,5573.364999,5573.364999,0.0
2025,4,2025-04,Bahrain Grand Prix,RUS,Mercedes,Finished,57,57,2,5573.364999,5597.129999,0.004264030797240803
2025,4,2025-04,Bahrain Grand Prix,NOR,McLaren,Finished,57,57,3,5573.364999,5599.103999,0.004618215387762747
2025,4,2025-04,Bahrain Grand Prix,LEC,Ferrari,Finished,57,57,4,5573.364999,5601.043999,0.004966299534476359
2025,4,2025-04,Bahrain Grand Prix,HAM,Ferrari,Finished,57,57,5,5573.364999,5615.233999,0.0075123377003860625
2025,4,2025-04,Bahrain Grand Prix,VER,Red Bull Racing,Finished,57,57,6,5573.364999,5773.829999,0.03596839611903535
2025,4,2025-04,Bahrain Grand Prix,GAS,Alpine,Finished,57,57,7,5573.364999,5775.436999,0.03625673180139044
2025,4,2025-04,Bahrain Grand Prix,OCO,Haas F1 Team,Finished,57,57,8,5573.364999,5783.678999,0.03773555115046934
2025,4,2025-04,Bahrain Grand Prix,TSU,Red Bull Racing,Finished,57,57,9,5573.364999,5632.985999,0.01069748706763285
2025,4,2025-04,Bahrain Grand Prix,BEA,Haas F1 Team,Finished,57,57,10,5573.364999,5787.028999,0.038336624290412846
2025,4,2025-04,Bahrain Grand Prix,ANT,Mercedes,Finished,57,57,11,5573.364999,5636.256999,0.011284385646962658
2025,4,2025-04,Bahrain Grand Prix,ALB,Williams,Finished,57,57,12,5573.364999,5637.147999,0.011444253159705875
2025,4,2025-04,Bahrain Grand Prix,HAD,Racing Bulls,Finished,57,57,13,5573.364999,5795.748999,0.039901208702444846
2025,4,2025-04,Bahrain Grand Prix,DOO,Alpine,Finished,57,57,14,5573.364999,5792.240999,0.03927178644127394
2025,4,2025-04,Bahrain Grand Prix,ALO,Aston Martin,Finished,57,57,15,5573.364999,5648.067999,0.013403572171103662
2025,4,2025-04,Bahrain Grand Prix,LAW,Racing Bulls,Finished,57,57,16,5573.364999,5636.755999,0.011373918631091495
2025,4,2025-04,Bahrain Grand Prix,STR,Aston Martin,Finished,57,57,17,5573.364999,5652.303999,0.014163615699700705
2025,4,2025-04,Bahrain Grand Prix,BOR,Kick Sauber,Finished,57,57,18,5573.364999,5654.407999,0.014541125516548847
2025,4,2025-04,Bahrain Grand Prix,SAI,Williams,Retired,45,57,19,5573.364999,5706.143333,0.02382372839816216
2025,4,2025-04,Bahrain Grand Prix,HUL,Kick Sauber,Disqualified,57,57,20,5573.364999,5792.906999,0.039391283369991204
2025,5,2025-05,Saudi Arabian Grand Prix,PIA,McLaren,Finished,50,50,1,4527.487,4527.487,0.0
2025,5,2025-05,Saudi Arabian Grand Prix,VER,Red Bull Racing,Finished,50,50,2,4527.487,4529.147,0.0003666493134049098
2025,5,2025-05,Saudi Arabian Grand Prix,LEC,Ferrari,Finished,50,50,3,4527.487,4538.261,0.002379686567846706
2025,5,2025-05,Saudi Arabian Grand Prix,NOR,McLaren,Finished,50,50,4,4527.487,4546.283,0.004151530418530225
2025,5,2025-05,Saudi Arabian Grand Prix,RUS,Mercedes,Finished,50,50,5,4527.487,4556.776,0.006469151650794203
2025,5,2025-05,Saudi Arabian Grand Prix,ANT,Mercedes,Finished,50,50,6,4527.487,4565.983,0.008502730101709766
2025,5,2025-05,Saudi Arabian Grand Prix,HAM,Ferrari,Finished,50,50,7,4527.487,4573.069,0.010067836749172443
2025,5,2025-05,Saudi Arabian Grand Prix,SAI,Williams,Finished,50,50,8,4527.487,4599.452,0.015895131228427672
2025,5,2025-05,Saudi Arabian Grand Prix,ALB,Williams,Finished,50,50,9,4527.487,4604.48,0.017005681076500023
2025,5,2025-05,Saudi Arabian Grand Prix,HAD,Racing Bulls,Finished,50,50,10,4527.487,4608.049,0.017793977100320824
2025,5,2025-05,Saudi Arabian Grand Prix,ALO,Aston Martin,Finished,50,50,11,4527.487,4614.49,0.019216620610948087
2025,5,2025-05,Saudi Arabian Grand Prix,LAW,Racing Bulls,Finished,50,50,12,4527.487,4611.122,0.01847272007628087
2025,5,2025-05,Saudi Arabian Grand Prix,BEA,Haas F1 Team,Finished,50,50,13,4527.487,4622.658,0.02102071193136501
2025,5,2025-05,Saudi Arabian Grand Prix,OCO,Haas F1 Team,Finished,50,50,14,4527.487,4646.468,0.026279699974842474
2025,5,2025-05,Saudi Arabian Grand Prix,HUL,Kick Sauber,Lapped,49,50,15,4527.487,4642.881632,0.025487567827362057
2025,5,2025-05,Saudi Arabian Grand Prix,STR,Aston Martin,Lapped,49,50,16,4527.487,4642.791836,0.025467734308237677
2025,5,2025-05,Saudi Arabian Grand Prix,DOO,Alpine,Lapped,49,50,17,4527.487,4658.573469,0.02895347220212896
2025,5,2025-05,Saudi Arabian Grand Prix,BOR,Kick Sauber,Lapped,49,50,18,4527.487,4659.277551,0.02910898496229808
2025,5,2025-05,Saudi Arabian Grand Prix,TSU,Red Bull Racing,Retired,1,50,19,4527.487,,
2025,6,2025-06,Miami Grand Prix,PIA,McLaren,Finished,57,57,1,5331.586999,5331.586999,0.0
2025,6,2025-06,Miami Grand Prix,NOR,McLaren,Finished,57,57,2,5331.586999,5336.216999,0.0008684093499493617
2025,6,2025-06,Miami Grand Prix,RUS,Mercedes,Finished,57,57,3,5331.586999,5369.230999,0.007060561894059125
2025,6,2025-06,Miami Grand Prix,VER,Red Bull Racing,Finished,57,57,4,5331.586999,5371.542999,0.0074942038847896075
2025,6,2025-06,Miami Grand Prix,ALB,Williams,Finished,57,57,5,5331.586999,5379.653999,0.009015514519225887
2025,6,2025-06,Miami Grand Prix,ANT,Mercedes,Finished,57,57,6,5331.586999,5387.088999,0.010410033637340943
2025,6,2025-06,Miami Grand Prix,LEC,Ferrari,Finished,57,57,7,5331.586999,5388.622999,0.01069775284745389
2025,6,2025-06,Miami Grand Prix,HAM,Ferrari,Finished,57,57,8,5331.586999,5391.772999,0.01128857130368277
2025,6,2025-06,Miami Grand Prix,SAI,Williams,Finished,57,57,9,5331.586999,5392.163999,0.011361907816821226
2025,6,2025-06,Miami Grand Prix,TSU,Red Bull Racing,Finished,57,57,10,5331.586999,5401.020999,0.013023139266605588
2025,6,2025-06,Miami Grand Prix,HAD,Racing Bulls,Finished,57,57,11,5331.586999,5406.188999,0.013992456657650365
2025,6,2025-06,Miami Grand Prix,OCO,Haas F1 Team,Finished,57,57,12,5331.586999,5413.592999,0.015381161371910812
2025,6,2025-06,Miami Grand Prix,GAS,Alpine,Finished,57,57,13,5331.586999,5422.031999,0.016963992150360374
2025,6,2025-06,Miami Grand Prix,HUL,Kick Sauber,Lapped,56,57,14,5331.586999,5427.969535,0.018077644802209525
2025,6,2025-06,Miami Grand Prix,ALO,Aston Martin,Lapped,56,57,15,5331.586999,5448.147535,0.021862259027539466
2025,6,2025-06,Miami Grand Prix,STR,Aston Martin,Lapped,56,57,16,5331.586999,5452.405232,0.02266083870012081
2025,6,2025-06,Miami Grand Prix,LAW,Racing Bulls,Retired,36,57,17,5331.586999,,
2025,6,2025-06,Miami Grand Prix,BOR,Kick Sauber,Retired,30,57,18,5331.586999,,
2025,6,2025-06,Miami Grand Prix,BEA,Haas F1 Team,Retired,27,57,19,5331.586999,,
2025,7,2025-07,Emilia Romagna Grand Prix,VER,Red Bull Racing,Finished,63,63,1,5493.198999,5493.198999,0.0
2025,7,2025-07,Emilia Romagna Grand Prix,NOR,McLaren,Finished,63,63,2,5493.198999,5499.307999,0.0011121024381441913
2025,7,2025-07,Emilia Romagna Grand Prix,PIA,McLaren,Finished,63,63,3,5493.198999,5506.154999,0.0023585528218363905
2025,7,2025-07,Emilia Romagna Grand Prix,HAM,Ferrari,Finished,63,63,4,5493.198999,5507.554999,0.002613413423146138
2025,7,2025-07,Emilia Romagna Grand Prix,ALB,Williams,Finished,63,63,5,5493.198999,5511.143999,0.0032667667789327837
2025,7,2025-07,Emilia Romagna Grand Prix,LEC,Ferrari,Finished,63,63,6,5493.198999,5513.972999,0.0037817672368651856
2025,7,2025-07,Emilia Romagna Grand Prix,RUS,Mercedes,Finished,63,63,7,5493.198999,5515.232999,0.0040111417780441805
2025,7,2025-07,Emilia Romagna Grand Prix,SAI,Williams,Finished,63,63,8,5493.198999,5516.096999,0.004168427177709821
2025,7,2025-07,Emilia Romagna Grand Prix,HAD,Racing Bulls,Finished,63,63,9,5493.198999,5516.784999,0.00429367295892491
2025,7,2025-07,Emilia Romagna Grand Prix,TSU,Red Bull Racing,Finished,63,63,10,5493.198999,5519.644999,0.004814316758743775
2025,7,2025-07,Emilia Romagna Grand Prix,ALO,Aston Martin,Finished,63,63,11,5493.198999,5520.448999,0.004960679561210268
2025,7,2025-07,Emilia Romagna Grand Prix,HUL,Kick Sauber,Finished,63,63,12,5493.198999,5523.494999,0.005515183412345692
2025,7,2025-07,Emilia Romagna Grand Prix,GAS,Alpine,Finished,63,63,13,5493.198999,5524.622999,0.0057205282396870505
2025,7,2025-07,Emilia Romagna Grand Prix,LAW,Racing Bulls,Finished,63,63,14,5493.198999,5525.709999,0.005918409292275495
2025,7,2025-07,Emilia Romagna Grand Prix,STR,Aston Martin,Finished,63,63,15,5493.198999,5526.191999,0.0060061541564406795
2025,7,2025-07,Emilia Romagna Grand Prix,COL,Alpine,Finished,63,63,16,5493.198999,5526.609999,0.006082248250260491
2025,7,2025-07,Emilia Romagna Grand Prix,BEA,Haas F1 Team,Finished,63,63,17,5493.198999,5527.006999,0.006154519435060513
2025,7,2025-07,Emilia Romagna Grand Prix,BOR,Kick Sauber,Finished,63,63,18,5493.198999,5531.770999,0.007021773652660768
2025,7,2025-07,Emilia Romagna Grand Prix,ANT,Mercedes,Retired,44,63,19,5493.198999,,
2025,7,2025-07,Emilia Romagna Grand Prix,OCO,Haas F1 Team,Retired,27,63,20,5493.198999,,
2025,8,2025-08,Monaco Grand Prix,NOR,McLaren,Finished,78,78,1,6033.842999,6033.842999,0.0
2025,8,2025-08,Monaco Grand Prix,LEC,Ferrari,Finished,78,78,2,6033.842999,6036.973999,0.0005189064416357692
2025,8,2025-08,Monaco Grand Prix,PIA,McLaren,Finished,78,78,3,6033.842999,6037.500999,0.0006062471298318162
2025,8,2025-08,Monaco Grand Prix,VER,Red Bull Racing,Finished,78,78,4,6033.842999,6054.414999,0.003409435744915479
2025,8,2025-08,Monaco Grand Prix,HAM,Ferrari,Finished,78,78,5,6033.842999,6085.229999,0.008516462892474319
2025,8,2025-08,Monaco Grand Prix,HAD,Racing Bulls,Lapped,77,78,6,6033.842999,6178.131818,0.02391325379594944
2025,8,2025-08,Monaco Grand Prix,OCO,Haas F1 Team,Lapped,77,78,7,6033.842999,6179.091116,0.02407224003409958
2025,8,2025-08,Monaco Grand Prix,LAW,Racing Bulls,Lapped,77,78,8,6033.842999,6179.817428,0.02419261307001075
2025,8,2025-08,Monaco Grand Prix,ALB,Williams,Lapped,76,78,9,6033.842999,6204.809684,0.02833462604650694
2025,8,2025-08,Monaco Grand Prix,SAI,Williams,Lapped,76,78,10,6033.842999,6208.261184,0.028906649548041896
2025,8,2025-08,Monaco Grand Prix,RUS,Mercedes,Lapped,76,78,11,6033.842999,6227.362973,0.03207242449498149
2025,8,2025-08,Monaco Grand Prix,BEA,Haas F1 Team,Lapped,76,78,12,6033.842999,6248.760631,0.03561869807279017
2025,8,2025-08,Monaco Grand Prix,COL,Alpine,Lapped,76,78,13,6033.842999,6251.245342,0.036030493838840494
2025,8,2025-08,Monaco Grand Prix,BOR,Kick Sauber,Lapped,76,78,14,6033.842999,6262.852973,0.037954248070086294
2025,8,2025-08,Monaco Grand Prix,STR,Aston Martin,Lapped,76,78,15,6033.842999,6264.875842,0.0382895019042242
2025,8,2025-08,Monaco Grand Prix,HUL,Kick Sauber,Lapped,76,78,16,6033.842999,6266.055078,0.03848493887535431
2025,8,2025-08,Monaco Grand Prix,TSU,Red Bull Racing,Lapped,76,78,17,6033.842999,6266.368105,0.03853681742109227
2025,8,2025-08,Monaco Grand Prix,ANT,Mercedes,Lapped,75,78,18,6033.842999,6283.94208,0.04144938491794514
2025,8,2025-08,Monaco Grand Prix,ALO,Aston Martin,Retired,36,78,19,6033.842999,,
2025,8,2025-08,Monaco Grand Prix,GAS,Alpine,Retired,7,78,20,6033.842999,,
2025,9,2025-09,Spanish Grand Prix,PIA,McLaren,Finished,66,66,1,5416.896452,5577.374999,0.029625551904494785
2025,9,2025-09,Spanish Grand Prix,NOR,McLaren,Finished,66,66,2,5416.896452,5579.845999,0.03008171716847885
2025,9,2025-09,Spanish Grand Prix,LEC,Ferrari,Finished,66,66,3,5416.896452,5587.829999,0.031555623873313676
2025,9,2025-09,Spanish Grand Prix,RUS,Mercedes,Finished,66,66,4,5416.896452,5588.733999,0.031722509101416385
2025,9,2025-09,Spanish Grand Prix,HUL,Kick Sauber,Finished,66,66,5,5416.896452,5591.022999,0.032145075790715794
2025,9,2025-09,Spanish Grand Prix,HAM,Ferrari,Finished,66,66,6,5416.896452,5592.882999,0.03248844583968813
2025,9,2025-09,Spanish Grand Prix,HAD,Racing Bulls,Finished,66,66,7,5416.896452,5593.396999,0.03258333412203829
2025,9,2025-09,Spanish Grand Prix,GAS,Alpine,Finished,66,66,8,5416.896452,5595.256999,0.0329267041710104
2025,9,2025-09,Spanish Grand Prix,ALO,Aston Martin,Finished,66,66,9,5416.896452,5598.938999,0.033606429181932684
2025,9,2025-09,Spanish Grand Prix,VER,Red Bull Racing,Finished,66,66,10,5416.896452,5589.200999,0.031808720828765846
2025,9,2025-09,Spanish Grand Prix,LAW,Racing Bulls,Finished,66,66,11,5416.896452,5602.906999,0.034338951953073016
2025,9,2025-09,Spanish Grand Prix,BOR,Kick Sauber,Finished,66,66,12,5416.896452,5603.370999,0.034424609857762745
2025,9,2025-09,Spanish Grand Prix,TSU,Red Bull Racing,Finished,66,66,13,5416.896452,5606.196999,0.03494631080313648
2025,9,2025-09,Spanish Grand Prix,SAI,Williams,Finished,66,66,14,5416.896452,5606.683999,0.03503621468155016
2025,9,2025-09,Spanish Grand Prix,COL,Alpine,Finished,66,66,15,5416.896452,5608.755999,0.03541872153180314
2025,9,2025-09,Spanish Grand Prix,OCO,Haas F1 Team,Finished,66,66,16,5416.896452,5609.571999,0.035569361295223034
2025,9,2025-09,Spanish Grand Prix,BEA,Haas F1 Team,Finished,66,66,17,5416.896452,5604.439999,0.03462195533214518
2025,9,2025-09,Spanish Grand Prix,ANT,Mercedes,Retired,53,66,18,5416.896452,5416.896452,0.0
2025,9,2025-09,Spanish Grand Prix,ALB,Williams,Retired,27,66,19,5416.896452,,
2025,10,2025-10,Canadian Grand Prix,RUS,Mercedes,Finished,70,70,1,5342.771212,5512.687999,0.0318031186921055
2025,10,2025-10,Canadian Grand Prix,VER,Red Bull Racing,Finished,70,70,2,5342.771212,5512.915999,0.03184579317524405
2025,10,2025-10,Canadian Grand Prix,ANT,Mercedes,Finished,70,70,3,5342.771212,5513.701999,0.031992907840801
2025,10,2025-10,Canadian Grand Prix,PIA,McLaren,Finished,70,70,4,5342.771212,5514.796999,0.0321978576611377
2025,10,2025-10,Canadian Grand Prix,LEC,Ferrari,Finished,70,70,5,5342.771212,5516.129999,0.03244735365247009
2025,10,2025-10,Canadian Grand Prix,HAM,Ferrari,Finished,70,70,6,5342.771212,5523.400999,0.03380825789326369
2025,10,2025-10,Canadian Grand Prix,ALO,Aston Martin,Finished,70,70,7,5342.771212,5523.659999,0.03385673460875882
2025,10,2025-10,Canadian Grand Prix,HUL,Kick Sauber,Finished,70,70,8,5342.771212,5528.051999,0.03467877991553436
2025,10,2025-10,Canadian Grand Prix,OCO,Haas F1 Team,Lapped,69,70,9,5342.771212,5594.076376,0.047036482384939626
2025,10,2025-10,Canadian Grand Prix,SAI,Williams,Lapped,69,70,10,5342.771212,5594.495362,0.047114903485782955
2025,10,2025-10,Canadian Grand Prix,BEA,Haas F1 Team,Lapped,69,70,11,5342.771212,5596.352898,0.0474625762432892
2025,10,2025-10,Canadian Grand Prix,TSU,Red Bull Racing,Lapped,69,70,12,5342.771212,5598.117101,0.04779277997651987
2025,10,2025-10,Canadian Grand Prix,COL,Alpine,Lapped,69,70,13,5342.771212,5599.701739,0.04808937474674724
2025,10,2025-10,Canadian Grand Prix,BOR,Kick Sauber,Lapped,69,70,14,5342.771212,5600.575217,0.04825286256333894
2025,10,2025-10,Canadian Grand Prix,GAS,Alpine,Lapped,69,70,15,5342.771212,5600.647246,0.04826634414380404
2025,10,2025-10,Canadian Grand Prix,HAD,Racing Bulls,Lapped,69,70,16,5342.771212,5601.445652,0.04841578082531606
2025,10,2025-10,Canadian Grand Prix,STR,Aston Martin,Lapped,69,70,17,5342.771212,5601.776376,0.04847768203479652
2025,10,2025-10,Canadian Grand Prix,NOR,McLaren,Retired,66,70,18,5342.771212,5342.771212,0.0
2025,10,2025-10,Canadian Grand Prix,LAW,Racing Bulls,Retired,53,70,19,5342.771212,5489.415849,0.0274472986360772
2025,10,2025-10,Canadian Grand Prix,ALB,Williams,Retired,46,70,20,5342.771212,,
2025,11,2025-11,Austrian Grand Prix,NOR,McLaren,Finished,70,70,1,5027.692999,5027.692999,0.0
2025,11,2025-11,Austrian Grand Prix,PIA,McLaren,Finished,70,70,2,5027.692999,5030.387999,0.0005360311380460114
2025,11,2025-11,Austrian Grand Prix,LEC,Ferrari,Finished,70,70,3,5027.692999,5047.512999,0.003942165920620466
2025,11,2025-11,Austrian Grand Prix,HAM,Ferrari,Finished,70,70,4,5027.692999,5056.712999,0.005772031030091274
2025,11,2025-11,Austrian Grand Prix,RUS,Mercedes,Finished,70,70,5,5027.692999,5090.088999,0.012410463409840311
2025,11,2025-11,Austrian Grand Prix,LAW,Racing Bulls,Finished,70,70,6,5027.692999,5095.447,0.013476161136623865
2025,11,2025-11,Austrian Grand Prix,ALO,Aston Martin,Lapped,69,70,7,5027.692999,5102.015941,0.01478271286945776
2025,11,2025-11,Austrian Grand Prix,BOR,Kick Sauber,Lapped,69,70,8,5027.692999,5102.538405,0.014886630113431165
2025,11,2025-11,Austrian Grand Prix,HUL,Kick Sauber,Lapped,69,70,9,5027.692999,5108.39,0.016050502887915208
2025,11,2025-11,Austrian Grand Prix,OCO,Haas F1 Team,Lapped,69,70,10,5027.692999,5110.68884,0.016507738443160225
2025,11,2025-11,Austrian Grand Prix,BEA,Haas F1 Team,Lapped,69,70,11,5027.692999,5125.772318,0.01950781780421118
2025,11,2025-11,Austrian Grand Prix,HAD,Racing Bulls,Lapped,69,70,12,5027.692999,5128.920289,0.02013394414100733
2025,11,2025-11,Austrian Grand Prix,GAS,Alpine,Lapped,69,70,13,5027.692999,5134.092173,0.021162623497728017
2025,11,2025-11,Austrian Grand Prix,STR,Aston Martin,Lapped,69,70,14,5027.692999,5135.519565,0.021446529456242924
2025,11,2025-11,Austrian Grand Prix,COL,Alpine,Lapped,69,70,15,5027.692999,5138.796376,0.022098281860507107
2025,11,2025-11,Austrian Grand Prix,TSU,Red Bull Racing,Lapped,68,70,16,5027.692999,5178.632941,0.030021710162100534
2025,11,2025-11,Austrian Grand Prix,ALB,Williams,Retired,15,70,17,5027.692999,,
2025,12,2025-12,British Grand Prix,NOR,McLaren,Finished,52,52,1,4845.698999,4855.263999,0.001973915425199424
2025,12,2025-12,British Grand Prix,PIA,McLaren,Finished,52,52,2,4845.698999,4845.698999,0.0
2025,12,2025-12,British Grand Prix,HUL,Kick Sauber,Finished,52,52,3,4845.698999,4902.185999,0.011657141727469567
2025,12,2025-12,British Grand Prix,HAM,Ferrari,Finished,52,52,4,4845.698999,5059.468999,0.04411541039674871
2025,12,2025-12,British Grand Prix,VER,Red Bull Racing,Finished,52,52,5,4845.698999,4902.984999,0.011822030219339252
2025,12,2025-12,British Grand Prix,GAS,Alpine,Finished,52,52,6,4845.698999,5078.548999,0.048052922818369925
2025,12,2025-12,British Grand Prix,STR,Aston Martin,Finished,52,52,7,4845.698999,4923.266999,0.016007597668779683
2025,12,2025-12,British Grand Prix,ALB,Williams,Finished,52,52,8,4845.698999,5089.994,0.05041481137198467
2025,12,2025-12,British Grand Prix,ALO,Aston Martin,Finished,52,52,9,4845.698999,5088.736999,0.05015540586614131
2025,12,2025-12,British Grand Prix,RUS,Mercedes,Finished,52,52,10,4845.698999,5092.071999,0.05084364506562267
2025,12,2025-12,British Grand Prix,BEA,Haas F1 Team,Finished,52,52,11,4845.698999,5104.841999,0.053478971775481554
2025,12,2025-12,British Grand Prix,SAI,Williams,Finished,52,52,12,4845.698999,5102.717999,0.05304064492099925
2025,12,2025-12,British Grand Prix,OCO,Haas F1 Team,Finished,52,52,13,4845.698999,5090.607999,0.05054152147100788
2025,12,2025-12,British Grand Prix,LEC,Ferrari,Finished,52,52,14,4845.698999,5114.049999,0.05537921361920728
2025,12,2025-12,British Grand Prix,TSU,Red Bull Racing,Lapped,51,52,15,4845.698999,5161.877882,0.06524938570580807
2025,12,2025-12,British Grand Prix,ANT,Mercedes,Retired,23,52,16,4845.698999,,
2025,12,2025-12,British Grand Prix,HAD,Racing Bulls,Retired,15,52,17,4845.698999,,
2025,12,2025-12,British Grand Prix,BOR,Kick Sauber,Retired,3,52,18,4845.698999,,
2025,13,2025-13,Belgian Grand Prix,PIA,McLaren,Finished,44,44,1,4594.563999,4594.563999,0.0
2025,13,2025-13,Belgian Grand Prix,NOR,McLaren,Finished,44,44,2,4594.563999,4597.389999,0.0006150746840429822
2025,13,2025-13,Belgian Grand Prix,LEC,Ferrari,Finished,44,44,3,4594.563999,4617.027999,0.004889256087169391
2025,13,2025-13,Belgian Grand Prix,VER,Red Bull Racing,Finished,44,44,4,4594.563999,4619.868999,0.0055075954988346165
2025,13,2025-13,Belgian Grand Prix,RUS,Mercedes,Finished,44,44,5,4594.563999,4635.558999,0.008922500591769467
2025,13,2025-13,Belgian Grand Prix,ALB,Williams,Finished,44,44,6,4594.563999,4638.783999,0.009624417030565935
2025,13,2025-13,Belgian Grand Prix,HAM,Ferrari,Finished,44,44,7,4594.563999,4653.977999,0.012931368463456216
2025,13,2025-13,Belgian Grand Prix,LAW,Racing Bulls,Finished,44,44,8,4594.563999,4655.789999,0.013325747560231083
2025,13,2025-13,Belgian Grand Prix,BOR,Kick Sauber,Finished,44,44,9,4594.563999,4660.302999,0.014307995277529795
2025,13,2025-13,Belgian Grand Prix,GAS,Alpine,Finished,44,44,10,4594.563999,4679.798999,0.01855127059249817
2025,13,2025-13,Belgian Grand Prix,BEA,Haas F1 Team,Finished,44,44,11,4594.563999,4678.528999,0.01827485698714293
2025,13,2025-13,Belgian Grand Prix,HUL,Kick Sauber,Finished,44,44,12,4594.563999,4682.136999,0.01906013280456209
2025,13,2025-13,Belgian Grand Prix,TSU,Red Bull Racing,Finished,44,44,13,4594.563999,4677.459999,0.018042190731926144
2025,13,2025-13,Belgian Grand Prix,STR,Aston Martin,Finished,44,44,14,4594.563999,4689.463999,0.020654843423805636
2025,13,2025-13,Belgian Grand Prix,OCO,Haas F1 Team,Finished,44,44,15,4594.563999,4691.380999,0.02107207561393687
2025,13,2025-13,Belgian Grand Prix,ANT,Mercedes,Finished,44,44,16,4594.563999,4701.999999,0.023383285122023034
2025,13,2025-13,Belgian Grand Prix,ALO,Aston Martin,Finished,44,44,17,4594.563999,4704.411999,0.023908253323690287
2025,13,2025-13,Belgian Grand Prix,SAI,Williams,Finished,44,44,18,4594.563999,4703.370999,0.023681681226702223
2025,13,2025-13,Belgian Grand Prix,COL,Alpine,Finished,44,44,19,4594.563999,4704.211999,0.023864723622059714
2025,13,2025-13,Belgian Grand Prix,HAD,Racing Bulls,Lapped,43,44,20,4594.563999,4722.970232,0.02794742505011305
2025,14,2025-14,Hungarian Grand Prix,NOR,McLaren,Finished,70,70,1,5721.230999,5721.230999,0.0
2025,14,2025-14,Hungarian Grand Prix,PIA,McLaren,Finished,70,70,2,5721.230999,5721.928999,0.0001220017160854514
2025,14,2025-14,Hungarian Grand Prix,RUS,Mercedes,Finished,70,70,3,5721.230999,5743.146999,0.003830644140016437
2025,14,2025-14,Hungarian Grand Prix,LEC,Ferrari,Finished,70,70,4,5721.230999,5758.790999,0.00656502071085141
2025,14,2025-14,Hungarian Grand Prix,ALO,Aston Martin,Finished,70,70,5,5721.230999,5780.271,0.010319457649991648
2025,14,2025-14,Hungarian Grand Prix,BOR,Kick Sauber,Finished,70,70,6,5721.230999,5787.399999,0.011565517982330187
2025,14,2025-14,Hungarian Grand Prix,STR,Aston Martin,Finished,70,70,7,5721.230999,5789.404999,0.011915967037848363
2025,14,2025-14,Hungarian Grand Prix,LAW,Racing Bulls,Finished,70,70,8,5721.230999,5790.681999,0.01213917075051496
2025,14,2025-14,Hungarian Grand Prix,VER,Red Bull Racing,Finished,70,70,9,5721.230999,5793.875999,0.012697442213519539
2025,14,2025-14,Hungarian Grand Prix,ANT,Mercedes,Lapped,69,70,10,5721.230999,5811.907246,0.015849079859884707
2025,14,2025-14,Hungarian Grand Prix,HAD,Racing Bulls,Lapped,69,70,11,5721.230999,5812.770579,0.015999979727439717
2025,14,2025-14,Hungarian Grand Prix,HAM,Ferrari,Lapped,69,70,12,5721.230999,5814.151304,0.016241313279649283
2025,14,2025-14,Hungarian Grand Prix,HUL,Kick Sauber,Lapped,69,70,13,5721.230999,5835.86855,0.020037217693191778
2025,14,2025-14,Hungarian Grand Prix,SAI,Williams,Lapped,69,70,14,5721.230999,5837.956376,0.02040214370306015
2025,14,2025-14,Hungarian Grand Prix,ALB,Williams,Lapped,69,70,15,5721.230999,5842.810724,0.021250623339845953
2025,14,2025-14,Hungarian Grand Prix,OCO,Haas F1 Team,Lapped,69,70,16,5721.230999,5850.061304,0.02251793451837858
2025,14,2025-14,Hungarian Grand Prix,TSU,Red Bull Racing,Lapped,69,70,17,5721.230999,5851.770724,0.022816719867248203
2025,14,2025-14,Hungarian Grand Prix,COL,Alpine,Lapped,69,70,18,5721.230999,5852.203913,0.022892435915084164
2025,14,2025-14,Hungarian Grand Prix,GAS,Alpine,Lapped,69,70,19,5721.230999,5851.163043,0.0227105047886913
2025,14,2025-14,Hungarian Grand Prix,BEA,Haas F1 Team,Retired,48,70,20,5721.230999,,
2025,15,2025-15,Dutch Grand Prix,PIA,McLaren,Finished,72,72,1,5814.547875,5909.848999,0.01639011769251275
2025,15,2025-15,Dutch Grand Prix,VER,Red Bull Racing,Finished,72,72,2,5814.547875,5911.119999,0.016608707345108886
2025,15,2025-15,Dutch Grand Prix,HAD,Racing Bulls,Finished,72,72,3,5814.547875,5913.081999,0.016946136848172255
2025,15,2025-15,Dutch Grand Prix,RUS,Mercedes,Finished,72,72,4,5814.547875,5915.502999,0.017362506280851564
2025,15,2025-15,Dutch Grand Prix,ALB,Williams,Finished,72,72,5,5814.547875,5916.175999,0.0174782504478046
2025,15,2025-15,Dutch Grand Prix,BEA,Haas F1 Team,Finished,72,72,6,5814.547875,5918.892999,0.01794552667605287
2025,15,2025-15,Dutch Grand Prix,STR,Aston Martin,Finished,72,72,7,5814.547875,5919.345999,0.018023434711164077
2025,15,2025-15,Dutch Grand Prix,ALO,Aston Martin,Finished,72,72,8,5814.547875,5921.557999,0.018403859818593382
2025,15,2025-15,Dutch Grand Prix,TSU,Red Bull Racing,Finished,72,72,9,5814.547875,5923.445999,0.018728562622764455
2025,15,2025-15,Dutch Grand Prix,OCO,Haas F1 Team,Finished,72,72,10,5814.547875,5923.911999,0.018808706429302546
2025,15,2025-15,Dutch Grand Prix,COL,Alpine,Finished,72,72,11,5814.547875,5924.359999,0.018885754552326217
2025,15,2025-15,Dutch Grand Prix,LAW,Racing Bulls,Finished,72,72,12,5814.547875,5926.911999,0.019324653681693116
2025,15,2025-15,Dutch Grand Prix,SAI,Williams,Finished,72,72,13,5814.547875,5927.224999,0.0193784841783593
2025,15,2025-15,Dutch Grand Prix,HUL,Kick Sauber,Finished,72,72,14,5814.547875,5929.573999,0.01978247087698115
2025,15,2025-15,Dutch Grand Prix,BOR,Kick Sauber,Finished,72,72,15,5814.547875,5931.414,0.020098918697096346
2025,15,2025-15,Dutch Grand Prix,ANT,Mercedes,Finished,72,72,16,5814.547875,5916.877999,0.017598982104864103
2025,15,2025-15,Dutch Grand Prix,GAS,Alpine,Finished,72,72,17,5814.547875,5933.477999,0.02045389023475863
2025,15,2025-15,Dutch Grand Prix,NOR,McLaren,Retired,64,72,18,5814.547875,5814.547875,0.0
2025,15,2025-15,Dutch Grand Prix,LEC,Ferrari,Retired,52,72,19,5814.547875,,
2025,15,2025-15,Dutch Grand Prix,HAM,Ferrari,Retired,22,72,20,5814.547875,,
2025,16,2025-16,Italian Grand Prix,VER,Red Bull Racing,Finished,53,53,1,4404.324999,4404.324999,0.0
2025,16,2025-16,Italian Grand Prix,NOR,McLaren,Finished,53,53,2,4404.324999,4423.531999,0.004360940667266888
2025,16,2025-16,Italian Grand Prix,PIA,McLaren,Finished,53,53,3,4404.324999,4425.675999,0.004847734898048461
2025,16,2025-16,Italian Grand Prix,LEC,Ferrari,Finished,53,53,4,4404.324999,4429.948999,0.005817917616392387
2025,16,2025-16,Italian Grand Prix,RUS,Mercedes,Finished,53,53,5,4404.324999,4437.205999,0.007465616185786672
2025,16,2025-16,Italian Grand Prix,HAM,Ferrari,Finished,53,53,6,4404.324999,4441.773999,0.008502778520772747
2025,16,2025-16,Italian Grand Prix,ALB,Williams,Finished,53,53,7,4404.324999,4454.862,0.011474403231249708
2025,16,2025-16,Italian Grand Prix,BOR,Kick Sauber,Finished,53,53,8,4404.324999,4462.808999,0.013278765761672418
2025,16,2025-16,Italian Grand Prix,ANT,Mercedes,Finished,53,53,9,4404.324999,4459.086999,0.012433687344242994
2025,16,2025-16,Italian Grand Prix,HAD,Racing Bulls,Finished,53,53,10,4404.324999,4468.215999,0.014506422667379448
2025,16,2025-16,Italian Grand Prix,SAI,Williams,Finished,53,53,11,4404.324999,4468.793999,0.014637657306088458
2025,16,2025-16,Italian Grand Prix,BEA,Haas F1 Team,Finished,53,53,12,4404.324999,4473.612999,0.015731809077607073
2025,16,2025-16,Italian Grand Prix,TSU,Red Bull Racing,Finished,53,53,13,4404.324999,4485.025999,0.018323125568236565
2025,16,2025-16,Italian Grand Prix,LAW,Racing Bulls,Finished,53,53,14,4404.324999,4486.675999,0.018697757322335917
2025,16,2025-16,Italian Grand Prix,OCO,Haas F1 Team,Lapped,52,53,15,4404.324999,4491.199615,0.01972484229018634
2025,16,2025-16,Italian Grand Prix,GAS,Alpine,Lapped,52,53,16,4404.324999,4494.972807,0.020581543828073867
2025,16,2025-16,Italian Grand Prix,COL,Alpine,Lapped,52,53,17,4404.324999,4496.614788,0.02095435487184849
2025,16,2025-16,Italian Grand Prix,STR,Aston Martin,Lapped,52,53,18,4404.324999,4498.503423,0.02138316859482048
2025,16,2025-16,Italian Grand Prix,ALO,Aston Martin,Retired,24,53,19,4404.324999,,
2025,17,2025-17,Azerbaijan Grand Prix,VER,Red Bull Racing,Finished,51,51,1,5090.820999,5090.820999,0.0
2025,17,2025-17,Azerbaijan Grand Prix,RUS,Mercedes,Finished,51,51,2,5090.820999,5109.914999,0.003750672043615566
2025,17,2025-17,Azerbaijan Grand Prix,SAI,Williams,Finished,51,51,3,5090.820999,5110.129999,0.0037929049172604756
2025,17,2025-17,Azerbaijan Grand Prix,ANT,Mercedes,Finished,51,51,4,5090.820999,5115.274999,0.004803547405183517
2025,17,2025-17,Azerbaijan Grand Prix,LAW,Racing Bulls,Finished,51,51,5,5090.820999,5125.801999,0.006871386758024345
2025,17,2025-17,Azerbaijan Grand Prix,TSU,Red Bull Racing,Finished,51,51,6,5090.820999,5132.277999,0.008143480198605335
2025,17,2025-17,Azerbaijan Grand Prix,NOR,McLaren,Finished,51,51,7,5090.820999,5134.758999,0.008630827917271322
2025,17,2025-17,Azerbaijan Grand Prix,HAM,Ferrari,Finished,51,51,8,5090.820999,5140.445999,0.009747936533173629
2025,17,2025-17,Azerbaijan Grand Prix,LEC,Ferrari,Finished,51,51,9,5090.820999,5139.632999,0.00958823734120462
2025,17,2025-17,Azerbaijan Grand Prix,HAD,Racing Bulls,Finished,51,51,10,5090.820999,5139.853999,0.009631648806672333
2025,17,2025-17,Azerbaijan Grand Prix,BOR,Kick Sauber,Finished,51,51,11,5090.820999,5173.018999,0.0161463151063741
2025,17,2025-17,Azerbaijan Grand Prix,BEA,Haas F1 Team,Finished,51,51,12,5090.820999,5176.487999,0.016827737611836646
2025,17,2025-17,Azerbaijan Grand Prix,ALB,Williams,Finished,51,51,13,5090.820999,5176.898999,0.016908471151688254
2025,17,2025-17,Azerbaijan Grand Prix,OCO,Haas F1 Team,Finished,51,51,14,5090.820999,5187.735999,0.019037204415365938
2025,17,2025-17,Azerbaijan Grand Prix,ALO,Aston Martin,Finished,51,51,15,5090.820999,5183.825999,0.01826915541093843
2025,17,2025-17,Azerbaijan Grand Prix,HUL,Kick Sauber,Finished,51,51,16,5090.820999,5190.882999,0.019655375826346244
2025,17,2025-17,Azerbaijan Grand Prix,STR,Aston Martin,Finished,51,51,17,5090.820999,5202.143999,0.021867396245491166
2025,17,2025-17,Azerbaijan Grand Prix,GAS,Alpine,Lapped,50,51,18,5090.820999,5216.14332,0.024617310454368324
2025,17,2025-17,Azerbaijan Grand Prix,COL,Alpine,Lapped,50,51,19,5090.820999,5215.91586,0.024572630038371734
2025,18,2025-18,Singapore Grand Prix,RUS,Mercedes,Finished,62,62,1,6022.366999,6022.366999,0.0
2025,18,2025-18,Singapore Grand Prix,VER,Red Bull Racing,Finished,62,62,2,6022.366999,6027.796999,0.0009016388408249476
2025,18,2025-18,Singapore Grand Prix,NOR,McLaren,Finished,62,62,3,6022.366999,6028.432999,0.0010072451580926955
2025,18,2025-18,Singapore Grand Prix,PIA,McLaren,Finished,62,62,4,6022.366999,6030.512999,0.0013526243089059253
2025,18,2025-18,Singapore Grand Prix,ANT,Mercedes,Finished,62,62,5,6022.366999,6056.047999,0.0055926515281439215
2025,18,2025-18,Singapore Grand Prix,LEC,Ferrari,Finished,62,62,6,6022.366999,6068.362999,0.007637528567693952
2025,18,2025-18,Singapore Grand Prix,ALO,Aston Martin,Finished,62,62,7,6022.366999,6103.033999,0.01339456728781152
2025,18,2025-18,Singapore Grand Prix,HAM,Ferrari,Finished,62,62,8,6022.366999,6102.617999,0.01332549145764883
2025,18,2025-18,Singapore Grand Prix,BEA,Haas F1 Team,Finished,62,62,9,6022.366999,6115.893999,0.015529940306781453
2025,18,2025-18,Singapore Grand Prix,SAI,Williams,Lapped,61,62,10,6022.366999,6132.024622,0.018208392649967875
2025,18,2025-18,Singapore Grand Prix,HAD,Racing Bulls,Lapped,61,62,11,6022.366999,6138.713508,0.019319066576201527
2025,18,2025-18,Singapore Grand Prix,TSU,Red Bull Racing,Lapped,61,62,12,6022.366999,6140.679213,0.019645467308725184
2025,18,2025-18,Singapore Grand Prix,STR,Aston Martin,Lapped,61,62,13,6022.366999,6145.985803,0.020526614206760607
2025,18,2025-18,Singapore Grand Prix,ALB,Williams,Lapped,61,62,14,6022.366999,6146.829409,0.020666693016328397
2025,18,2025-18,Singapore Grand Prix,LAW,Racing Bulls,Lapped,61,62,15,6022.366999,6148.684327,0.020974697825784316
2025,18,2025-18,Singapore Grand Prix,COL,Alpine,Lapped,61,62,16,6022.366999,6164.687442,0.0236319777628351
2025,18,2025-18,Singapore Grand Prix,BOR,Kick Sauber,Lapped,61,62,17,6022.366999,6168.61377,0.024283935373630383
2025,18,2025-18,Singapore Grand Prix,OCO,Haas F1 Team,Lapped,61,62,18,6022.366999,6169.0,0.024348067964697018
2025,18,2025-18,Singapore Grand Prix,GAS,Alpine,Lapped,61,62,19,6022.366999,6169.333377,0.02440342443833199
2025,18,2025-18,Singapore Grand Prix,HUL,Kick Sauber,Lapped,61,62,20,6022.366999,6170.938262,0.02466991185104961
2025,19,2025-19,United States Grand Prix,VER,Red Bull Racing,Finished,56,56,1,5640.160999,5640.160999,0.0
2025,19,2025-19,United States Grand Prix,NOR,McLaren,Finished,56,56,2,5640.160999,5648.119999,0.0014111299307610903
2025,19,2025-19,United States Grand Prix,LEC,Ferrari,Finished,56,56,3,5640.160999,5655.533999,0.002725631414196572
2025,19,2025-19,United States Grand Prix,HAM,Ferrari,Finished,56,56,4,5640.160999,5668.696999,0.005059430041989943
2025,19,2025-19,United States Grand Prix,PIA,McLaren,Finished,56,56,5,5640.160999,5669.839,0.005261906708915243
2025,19,2025-19,United States Grand Prix,RUS,Mercedes,Finished,56,56,6,5640.160999,5673.616999,0.005931745566470914
2025,19,2025-19,United States Grand Prix,TSU,Red Bull Racing,Finished,56,56,7,5640.160999,5692.874999,0.009346187105181203
2025,19,2025-19,United States Grand Prix,HUL,Kick Sauber,Finished,56,56,8,5640.160999,5697.409999,0.010150242166872658
2025,19,2025-19,United States Grand Prix,BEA,Haas F1 Team,Finished,56,56,9,5640.160999,5704.882999,0.011475204344605805
2025,19,2025-19,United States Grand Prix,ALO,Aston Martin,Finished,56,56,10,5640.160999,5710.161999,0.012411170534389226
2025,19,2025-19,United States Grand Prix,LAW,Racing Bulls,Finished,56,56,11,5640.160999,5713.369999,0.01297994862433538
2025,19,2025-19,United States Grand Prix,STR,Aston Martin,Finished,56,56,12,5640.160999,5714.938999,0.013258132172691228
2025,19,2025-19,United States Grand Prix,ANT,Mercedes,Finished,56,56,13,5640.160999,5715.906999,0.013429758479133858
2025,19,2025-19,United States Grand Prix,ALB,Williams,Finished,56,56,14,5640.160999,5720.160999,0.014183992267983836
2025,19,2025-19,United States Grand Prix,OCO,Haas F1 Team,Finished,56,56,15,5640.160999,5723.203999,0.014723515873877435
2025,19,2025-19,United States Grand Prix,HAD,Racing Bulls,Finished,56,56,16,5640.160999,5732.967999,0.01645467213018481
2025,19,2025-19,United States Grand Prix,COL,Alpine,Lapped,55,56,17,5640.160999,5745.058327,0.018598286116052076
2025,19,2025-19,United States Grand Prix,BOR,Kick Sauber,Lapped,55,56,18,5640.160999,5746.331054,0.01882394049014291
2025,19,2025-19,United States Grand Prix,GAS,Alpine,Lapped,55,56,19,5640.160999,5748.97629,0.01929294057728015
2025,19,2025-19,United States Grand Prix,SAI,Williams,Retired,5,56,20,5640.160999,,
2025,20,2025-20,Mexico City Grand Prix,NOR,McLaren,Finished,71,71,1,5878.573999,5878.573999,0.0
2025,20,2025-20,Mexico City Grand Prix,LEC,Ferrari,Finished,71,71,2,5878.573999,5908.897999,0.005158393856258048
2025,20,2025-20,Mexico City Grand Prix,VER,Red Bull Racing,Finished,71,71,3,5878.573999,5909.622999,0.005281723085442502
2025,20,2025-20,Mexico City Grand Prix,BEA,Haas F1 Team,Finished,71,71,4,5878.573999,5919.528999,0.006966825629305173
2025,20,2025-20,Mexico City Grand Prix,PIA,McLaren,Finished,71,71,5,5878.573999,5920.638999,0.007155646931918502
2025,20,2025-20,Mexico City Grand Prix,ANT,Mercedes,Finished,71,71,6,5878.573999,5926.410999,0.008137517705507635
2025,20,2025-20,Mexico City Grand Prix,RUS,Mercedes,Finished,71,71,7,5878.573999,5928.860999,0.008554285445510068
2025,20,2025-20,Mexico City Grand Prix,HAM,Ferrari,Finished,71,71,8,5878.573999,5935.019999,0.00960198851109162
2025,20,2025-20,Mexico City Grand Prix,OCO,Haas F1 Team,Finished,71,71,9,5878.573999,5954.037999,0.012837126829200018
2025,20,2025-20,Mexico City Grand Prix,BOR,Kick Sauber,Finished,71,71,10,5878.573999,5955.436999,0.013075109714205224
2025,20,2025-20,Mexico City Grand Prix,TSU,Red Bull Racing,Finished,71,71,11,5878.573999,5957.621999,0.013446798494574752
2025,20,2025-20,Mexico City Grand Prix,ALB,Williams,Lapped,70,71,12,5878.573999,5965.038628,0.014708435925907981
2025,20,2025-20,Mexico City Grand Prix,HAD,Racing Bulls,Lapped,70,71,13,5878.573999,5969.304714,0.015434136750755112
2025,20,2025-20,Mexico City Grand Prix,STR,Aston Martin,Lapped,70,71,14,5878.573999,5969.689128,0.015499529140145185
2025,20,2025-20,Mexico City Grand Prix,GAS,Alpine,Lapped,70,71,15,5878.573999,6007.263342,0.021891251691633196
2025,20,2025-20,Mexico City Grand Prix,COL,Alpine,Lapped,70,71,16,5878.573999,6007.563571,0.021942323431148658
2025,20,2025-20,Mexico City Grand Prix,SAI,Williams,Retired,67,71,17,5878.573999,5949.304059,0.012031839696503122
2025,20,2025-20,Mexico City Grand Prix,ALO,Aston Martin,Retired,34,71,18,5878.573999,,
2025,20,2025-20,Mexico City Grand Prix,HUL,Kick Sauber,Retired,25,71,19,5878.573999,,
2025,20,2025-20,Mexico City Grand Prix,LAW,Racing Bulls,Retired,5,71,20,5878.573999,,
2025,21,2025-21,São Paulo Grand Prix,NOR,McLaren,Finished,71,71,1,5521.595999,5521.595999,0.0
2025,21,2025-21,São Paulo Grand Prix,ANT,Mercedes,Finished,71,71,2,5521.595999,5531.983999,0.0018813401056290147
2025,21,2025-21,São Paulo Grand Prix,VER,Red Bull Racing,Finished,71,71,3,5521.595999,5532.345999,0.0019469008601764592
2025,21,2025-21,São Paulo Grand Prix,RUS,Mercedes,Finished,71,71,4,5521.595999,5536.862999,0.0027649614355640395
2025,21,2025-21,São Paulo Grand Prix,PIA,McLaren,Finished,71,71,5,5521.595999,5537.344999,0.0028522550369227684
2025,21,2025-21,São Paulo Grand Prix,BEA,Haas F1 Team,Finished,71,71,6,5521.595999,5551.225999,0.0053662020918165965
2025,21,2025-21,São Paulo Grand Prix,LAW,Racing Bulls,Finished,71,71,7,5521.595999,5574.237999,0.009533837681991564
2025,21,2025-21,São Paulo Grand Prix,HAD,Racing Bulls,Finished,71,71,8,5521.595999,5574.468999,0.00957567341210308
2025,21,2025-21,São Paulo Grand Prix,HUL,Kick Sauber,Finished,71,71,9,5521.595999,5574.92,0.009657352875809266
2025,21,2025-21,São Paulo Grand Prix,GAS,Alpine,Finished,71,71,10,5521.595999,5575.509999,0.009764205858191044
2025,21,2025-21,São Paulo Grand Prix,ALB,Williams,Finished,71,71,11,5521.595999,5575.779999,0.009813104763516378
2025,21,2025-21,São Paulo Grand Prix,OCO,Haas F1 Team,Finished,71,71,12,5521.595999,5576.291999,0.009905831576577873
2025,21,2025-21,São Paulo Grand Prix,SAI,Williams,Finished,71,71,13,5521.595999,5577.015999,0.01003695308567254
2025,21,2025-21,São Paulo Grand Prix,ALO,Aston Martin,Finished,71,71,14,5521.595999,5577.361999,0.010099616127311695
2025,21,2025-21,São Paulo Grand Prix,COL,Alpine,Finished,71,71,15,5521.595999,5579.372999,0.010463822418457225
2025,21,2025-21,São Paulo Grand Prix,STR,Aston Martin,Finished,71,71,16,5521.595999,5579.842999,0.010548942735134847
2025,21,2025-21,São Paulo Grand Prix,TSU,Red Bull Racing,Finished,71,71,17,5521.595999,5590.771999,0.012528261758471215
2025,21,2025-21,São Paulo Grand Prix,HAM,Ferrari,Retired,37,71,18,5521.595999,,
2025,21,2025-21,São Paulo Grand Prix,LEC,Ferrari,Retired,5,71,19,5521.595999,,
2025,22,2025-22,Las Vegas Grand Prix,VER,Red Bull Racing,Finished,50,50,1,4868.429,4868.429,0.0
2025,22,2025-22,Las Vegas Grand Prix,RUS,Mercedes,Finished,50,50,2,4868.429,4891.975,0.004836467780468867
2025,22,2025-22,Las Vegas Grand Prix,ANT,Mercedes,Finished,50,50,3,4868.429,4893.917,0.0052353644265943355
2025,22,2025-22,Las Vegas Grand Prix,LEC,Ferrari,Finished,50,50,4,4868.429,4899.107,0.006301416740389865
2025,22,2025-22,Las Vegas Grand Prix,SAI,Williams,Finished,50,50,5,4868.429,4903.353,0.007173566668015496
2025,22,2025-22,Las Vegas Grand Prix,HAD,Racing Bulls,Finished,50,50,6,4868.429,4913.686,0.009296017257312217
2025,22,2025-22,Las Vegas Grand Prix,HUL,Kick Sauber,Finished,50,50,7,4868.429,4919.563,0.01050318285426366
2025,22,2025-22,Las Vegas Grand Prix,HAM,Ferrari,Finished,50,50,8,4868.429,4927.798,0.012194693606500051
2025,22,2025-22,Las Vegas Grand Prix,OCO,Haas F1 Team,Finished,50,50,9,4868.429,4929.064,0.012454736425241197
2025,22,2025-22,Las Vegas Grand Prix,BEA,Haas F1 Team,Finished,50,50,10,4868.429,4938.978,0.014491122290168024
2025,22,2025-22,Las Vegas Grand Prix,ALO,Aston Martin,Finished,50,50,11,4868.429,4953.737,0.017522695719707437
2025,22,2025-22,Las Vegas Grand Prix,TSU,Red Bull Racing,Finished,50,50,12,4868.429,4955.403,0.017864900566486597
2025,22,2025-22,Las Vegas Grand Prix,GAS,Alpine,Finished,50,50,13,4868.429,4960.131,0.01883605573789815
2025,22,2025-22,Las Vegas Grand Prix,LAW,Racing Bulls,Lapped,49,50,14,4868.429,4971.142857,0.021097946996864847
2025,22,2025-22,Las Vegas Grand Prix,COL,Alpine,Lapped,49,50,15,4868.429,4978.457142,0.022600338219988414
2025,22,2025-22,Las Vegas Grand Prix,ALB,Williams,Retired,35,50,16,4868.429,,
2025,22,2025-22,Las Vegas Grand Prix,BOR,Kick Sauber,Retired,1,50,17,4868.429,,
2025,22,2025-22,Las Vegas Grand Prix,NOR,McLaren,Disqualified,50,50,19,4868.429,4889.17,0.0042603065588509015
2025,22,2025-22,Las Vegas Grand Prix,PIA,McLaren,Disqualified,50,50,20,4868.429,4896.079,0.0056794501881407555
2025,23,2025-23,Qatar Grand Prix,VER,Red Bull Racing,Finished,57,57,1,5009.646535,5078.240999,0.013692475810571203
2025,23,2025-23,Qatar Grand Prix,PIA,McLaren,Finished,57,57,2,5009.646535,5086.235999,0.015288396789056247
2025,23,2025-23,Qatar Grand Prix,SAI,Williams,Finished,57,57,3,5009.646535,5100.905999,0.01821674710229826
2025,23,2025-23,Qatar Grand Prix,NOR,McLaren,Finished,57,57,4,5009.646535,5101.555999,0.018346496775345944
2025,23,2025-23,Qatar Grand Prix,ANT,Mercedes,Finished,57,57,5,5009.646535,5106.557999,0.019344970413166962
2025,23,2025-23,Qatar Grand Prix,RUS,Mercedes,Finished,57,57,6,5009.646535,5126.839999,0.0233935594420136
2025,23,2025-23,Qatar Grand Prix,ALO,Aston Martin,Finished,57,57,7,5009.646535,5132.285999,0.0244806620872704
2025,23,2025-23,Qatar Grand Prix,LEC,Ferrari,Finished,57,57,8,5009.646535,5135.025999,0.025027606862886298
2025,23,2025-23,Qatar Grand Prix,LAW,Racing Bulls,Finished,57,57,9,5009.646535,5138.313999,0.02568394059362511
2025,23,2025-23,Qatar Grand Prix,TSU,Red Bull Racing,Finished,57,57,10,5009.646535,5140.010999,0.02602268704772004
2025,23,2025-23,Qatar Grand Prix,ALB,Williams,Finished,57,57,11,5009.646535,5145.171999,0.027052899451717627
2025,23,2025-23,Qatar Grand Prix,HAM,Ferrari,Finished,57,57,12,5009.646535,5155.970999,0.02920854055824118
2025,23,2025-23,Qatar Grand Prix,BOR,Kick Sauber,Finished,57,57,13,5009.646535,5163.052999,0.030622213149814614
2025,23,2025-23,Qatar Grand Prix,COL,Alpine,Lapped,56,57,14,5009.646535,5172.2655,0.03246116544627653
2025,23,2025-23,Qatar Grand Prix,OCO,Haas F1 Team,Lapped,56,57,15,5009.646535,5009.646535,0.0
2025,23,2025-23,Qatar Grand Prix,GAS,Alpine,Lapped,56,57,16,5009.646535,5173.953107,0.032798036917788265
2025,23,2025-23,Qatar Grand Prix,STR,Aston Martin,Retired,55,57,17,5009.646535,5197.574018,0.03751312227061154
2025,23,2025-23,Qatar Grand Prix,HAD,Racing Bulls,Retired,54,57,18,5009.646535,5144.141277,0.02684715200171306
2025,23,2025-23,Qatar Grand Prix,BEA,Haas F1 Team,Retired,41,57,19,5009.646535,,
2025,23,2025-23,Qatar Grand Prix,HUL,Kick Sauber,Retired,6,57,20,5009.646535,,
2025,24,2025-24,Abu Dhabi Grand Prix,VER,Red Bull Racing,Finished,58,58,1,5167.468999,5167.468999,0.0
2025,24,2025-24,Abu Dhabi Grand Prix,PIA,McLaren,Finished,58,58,2,5167.468999,5180.062999,0.002437169918665605
2025,24,2025-24,Abu Dhabi Grand Prix,NOR,McLaren,Finished,58,58,3,5167.468999,5184.040999,0.003206985857720168
2025,24,2025-24,Abu Dhabi Grand Prix,LEC,Ferrari,Finished,58,58,4,5167.468999,5190.747999,0.00450491333465286
2025,24,2025-24,Abu Dhabi Grand Prix,RUS,Mercedes,Finished,58,58,5,5167.468999,5216.031999,0.009397830932202478
2025,24,2025-24,Abu Dhabi Grand Prix,ALO,Aston Martin,Finished,58,58,6,5167.468999,5235.030999,0.013074485790446788
2025,24,2025-24,Abu Dhabi Grand Prix,OCO,Haas F1 Team,Finished,58,58,7,5167.468999,5237.344999,0.013522287219047247
2025,24,2025-24,Abu Dhabi Grand Prix,HAM,Ferrari,Finished,58,58,8,5167.468999,5240.138999,0.014062977448739966
2025,24,2025-24,Abu Dhabi Grand Prix,HUL,Kick Sauber,Finished,58,58,9,5167.468999,5246.482999,0.015290657769846394
2025,24,2025-24,Abu Dhabi Grand Prix,STR,Aston Martin,Finished,58,58,10,5167.468999,5241.991999,0.014421566924624374
2025,24,2025-24,Abu Dhabi Grand Prix,BOR,Kick Sauber,Finished,58,58,11,5167.468999,5248.511999,0.015683306472798142
2025,24,2025-24,Abu Dhabi Grand Prix,BEA,Haas F1 Team,Finished,58,58,12,5167.468999,5243.635,0.014739517743549202
2025,24,2025-24,Abu Dhabi Grand Prix,SAI,Williams,Finished,58,58,13,5167.468999,5249.626999,0.015899079417002637
2025,24,2025-24,Abu Dhabi Grand Prix,TSU,Red Bull Racing,Finished,58,58,14,5167.468999,5251.262999,0.01621567541405966
2025,24,2025-24,Abu Dhabi Grand Prix,ANT,Mercedes,Finished,58,58,15,5167.468999,5251.867999,0.016332754007103434
2025,24,2025-24,Abu Dhabi Grand Prix,ALB,Williams,Finished,58,58,16,5167.468999,5252.795999,0.016512339022549005
2025,24,2025-24,Abu Dhabi Grand Prix,HAD,Racing Bulls,Lapped,57,58,17,5167.468999,5259.476631,0.01780516380800856
2025,24,2025-24,Abu Dhabi Grand Prix,LAW,Racing Bulls,Lapped,57,58,18,5167.468999,5262.867087,0.018461279210085557
2025,24,2025-24,Abu Dhabi Grand Prix,GAS,Alpine,Lapped,57,58,19,5167.468999,5265.155543,0.01890413740632102
2025,24,2025-24,Abu Dhabi Grand Prix,COL,Alpine,Lapped,57,58,20,5167.468999,5272.375017,0.020301237998777033
